current_result,evidence_sources,expected_behavior,gap_class,notes,priority_reasons,priority_score,query,reason_not_to_apply_automatically,recommended_destination_artifact,related_existing_entries,resolved_ir_ids,review_id,review_status,reviewed_at,reviewer,risk,schema_version,search_direction,source_bundle_id,source_catalog_version,source_evidence,supersedes
miss,"[""phase7a_alias_table"", ""phase7f_regression"", ""search_index_replay""]",Return reviewed grand-mère and grand-père postings together,reviewed_source_alias_candidate,Round 2 alias candidate; do not auto-apply multi-target behavior.,"[""kinship_body_common:+15"", ""canonical_entry_exists:+20"", ""basic_vocabulary:+20"", ""multi_target_penalty:-20""]",55,grand-parents,Multi-target alias requires explicit human confirmation of combined posting order and scope; Phase 7A left this deferred.,shared/aliases/source_aliases_v1.jsonl,"[{""term"": ""grand-mère"", ""result_status"": ""hit"", ""resolved_ir_ids"": [""1f6d3a5919110b21""], ""note"": ""Canonical source term resolves independently.""}, {""term"": ""grand-père"", ""result_status"": ""hit"", ""resolved_ir_ids"": [""957bd76b41fda053""], ""note"": ""Canonical source term resolves independently.""}]","[""1f6d3a5919110b21"", ""957bd76b41fda053""]",phase7j_gap_0001,deferred,,,medium,phase7j_gap_review_v1,source_to_target,bundle_full_20260609_phase7f_alias_candidate,norm-v3-featured-enriched-source-aliases-2-source-index-supplements-2,"[{""kind"": ""deferred_alias"", ""ir_id"": ""src_alias_phase7a_0004"", ""field_path"": ""shared/aliases/source_aliases_v1.jsonl"", ""excerpt"": ""Phase 7A deferred multi-target hyphenation alias.""}, {""kind"": ""search_index"", ""ir_id"": """", ""field_path"": ""search_index.jsonl"", ""excerpt"": ""No src_* key for grand-parents on current bundle.""}]","[""src_alias_phase7a_0004""]"
hit (3),"[""search_index_replay"", ""phase7f_regression"", ""roadmap_deferrals""]",Hits remain correct but user may not know which of three targets to choose,ranking_ambiguity_issue,Distinct from mere accentless lookup; ranking/interpretability track.,"[""kinship_body_common:+15"", ""high_user_confusion:+15"", ""basic_vocabulary:+20""]",50,mère,"Query already hits; problem is sense ordering and interpretability, not missing source-index coverage. No alias or supplement should be applied without ranking policy review.",policy_memo,"[{""term"": ""mère cadette"", ""result_status"": ""hit"", ""resolved_ir_ids"": [""ce9c7f6ec9e71ddd""], ""note"": ""Subtype mapping exists.""}, {""term"": ""mère allaitante"", ""result_status"": ""hit"", ""resolved_ir_ids"": [""6b42686b9f71a6b0""], ""note"": ""Subtype mapping exists.""}]","[""0f517a71c373f51d"", ""d540716db9321a83"", ""e5164efcdf5e6ca4""]",phase7j_gap_0002,deferred,,,medium,phase7j_gap_review_v1,source_to_target,bundle_full_20260609_phase7f_alias_candidate,norm-v3-featured-enriched-source-aliases-2-source-index-supplements-2,"[{""kind"": ""search_index"", ""ir_id"": ""0f517a71c373f51d"", ""field_path"": ""search_index.jsonl"", ""excerpt"": ""Broad mère posting includes multiple ir_ids.""}, {""kind"": ""roadmap_deferral"", ""ir_id"": """", ""field_path"": ""docs/ROADMAP.md"", ""excerpt"": ""mere/kinship ranking review deferred since Phase 7B.""}]",[]
hit (3),"[""search_index_replay""]",Accentless form should not silently change ranking semantics relative to mère,ranking_ambiguity_issue,Linked to mère ranking review; not a new source-index mapping gap.,"[""kinship_body_common:+15"", ""high_user_confusion:+15"", ""recall_already_works:-note""]",35,mere,"Recall works via normalization ladder; remaining issue is multi-target ordering, not a source alias or supplement gap.",policy_memo,"[{""term"": ""mère"", ""result_status"": ""hit"", ""resolved_ir_ids"": [""0f517a71c373f51d"", ""d540716db9321a83"", ""e5164efcdf5e6ca4""], ""note"": ""Diacritics-insensitive ladder resolves same posting set.""}]","[""0f517a71c373f51d"", ""d540716db9321a83"", ""e5164efcdf5e6ca4""]",phase7j_gap_0003,deferred,,,low,phase7j_gap_review_v1,source_to_target,bundle_full_20260609_phase7f_alias_candidate,norm-v3-featured-enriched-source-aliases-2-source-index-supplements-2,"[{""kind"": ""search_index"", ""ir_id"": """", ""field_path"": ""search_index.jsonl"", ""excerpt"": ""Resolves via diacritics_insensitive key 'mere'.""}]",[]
hit (1),"[""approved_supplements"", ""phase7f_regression"", ""search_index_replay""]",Continue returning approved supplement postings; regression-only monitoring,already_addressed,Miner may still flag related gloss evidence; do not reopen without new failure evidence.,"[""already_addressed_penalty:-100""]",0,oncle,Already shipped in Phases 7B/7D; Round 2 audit retains for regression control only.,,[],"[""ff7f0815f52b363b""]",phase7j_gap_0004,candidate,,,low,phase7j_gap_review_v1,source_to_target,bundle_full_20260609_phase7f_alias_candidate,norm-v3-featured-enriched-source-aliases-2-source-index-supplements-2,"[{""kind"": ""approved_supplement"", ""ir_id"": ""src_supp_phase7d_0001"", ""field_path"": ""shared/source_index_supplements/source_index_supplements_v1.jsonl"", ""excerpt"": ""Approved Phase 7 supplement for oncle.""}, {""kind"": ""search_index"", ""ir_id"": ""ff7f0815f52b363b"", ""field_path"": ""search_index.jsonl"", ""excerpt"": ""Current bundle resolves oncle at casefold.""}]","[""src_supp_phase7d_0001""]"
hit (1),"[""approved_supplements"", ""phase7f_regression"", ""search_index_replay""]",Continue returning approved supplement postings; regression-only monitoring,already_addressed,Miner may still flag related gloss evidence; do not reopen without new failure evidence.,"[""already_addressed_penalty:-100""]",0,poil,Already shipped in Phases 7B/7D; Round 2 audit retains for regression control only.,,[],"[""ff499fdee22b2b86""]",phase7j_gap_0005,candidate,,,low,phase7j_gap_review_v1,source_to_target,bundle_full_20260609_phase7f_alias_candidate,norm-v3-featured-enriched-source-aliases-2-source-index-supplements-2,"[{""kind"": ""approved_supplement"", ""ir_id"": ""src_supp_phase7b_0001"", ""field_path"": ""shared/source_index_supplements/source_index_supplements_v1.jsonl"", ""excerpt"": ""Approved Phase 7 supplement for poil.""}, {""kind"": ""search_index"", ""ir_id"": ""ff499fdee22b2b86"", ""field_path"": ""search_index.jsonl"", ""excerpt"": ""Current bundle resolves poil at casefold.""}]","[""src_supp_phase7b_0001""]"
hit (1),"[""approved_supplements"", ""phase7f_regression"", ""search_index_replay""]",Continue returning approved supplement postings; regression-only monitoring,already_addressed,Miner may still flag related gloss evidence; do not reopen without new failure evidence.,"[""already_addressed_penalty:-100""]",0,poils,Already shipped in Phases 7B/7D; Round 2 audit retains for regression control only.,,[],"[""ffdd559032fa4284""]",phase7j_gap_0006,candidate,,,low,phase7j_gap_review_v1,source_to_target,bundle_full_20260609_phase7f_alias_candidate,norm-v3-featured-enriched-source-aliases-2-source-index-supplements-2,"[{""kind"": ""approved_supplement"", ""ir_id"": ""src_supp_phase7b_0002"", ""field_path"": ""shared/source_index_supplements/source_index_supplements_v1.jsonl"", ""excerpt"": ""Approved Phase 7 supplement for poils.""}, {""kind"": ""search_index"", ""ir_id"": ""ffdd559032fa4284"", ""field_path"": ""search_index.jsonl"", ""excerpt"": ""Current bundle resolves poils at casefold.""}]","[""src_supp_phase7b_0002""]"
partial related terms only,"[""phrase_miss_review_v1"", ""phase7i_review_packet"", ""search_index_replay""]","Route only to reviewed canonical phrase ""à l'insu de qqn"" after named human approval",phrase_miss_candidate,Stay in Phase 7I human-review track; 7J does not approve phrase aliases.,"[""canonical_entry_exists:+20"", ""phrase_scope_penalty:-30"", ""phase7i_deferred""]",55,à l'insu de qqns,Phrase alias implementation is blocked until named human reviewer approves with rationale per source_phrase_alias_v1; must not use source_alias_table_v1.,shared/phrase_review/source_phrase_aliases_v1.jsonl,"[{""term"": ""à l'insu de qqn"", ""result_status"": ""hit"", ""resolved_ir_ids"": [""ef0667f3fb422851""], ""note"": ""Closest reviewed canonical phrase.""}]","[""ef0667f3fb422851""]",phase7j_gap_0007,deferred,,,medium,phase7j_gap_review_v1,source_to_target,bundle_full_20260609_phase7f_alias_candidate,norm-v3-featured-enriched-source-aliases-2-source-index-supplements-2,"[{""kind"": ""phrase_review"", ""ir_id"": ""phase7h_phrase_0004"", ""field_path"": ""shared/phrase_review/phrase_miss_review_v1.jsonl"", ""excerpt"": ""Phase 7H/7I evidence row; implementation blocked.""}]","[""phase7h_phrase_0004""]"
partial related terms only,"[""phrase_miss_review_v1"", ""phase7i_review_packet"", ""search_index_replay""]",Route only to reviewed canonical phrase 'à la mesure de' after named human approval,phrase_miss_candidate,Stay in Phase 7I human-review track; 7J does not approve phrase aliases.,"[""canonical_entry_exists:+20"", ""phrase_scope_penalty:-30"", ""phase7i_deferred""]",50,à la mesure des,Phrase alias implementation is blocked until named human reviewer approves with rationale per source_phrase_alias_v1; must not use source_alias_table_v1.,shared/phrase_review/source_phrase_aliases_v1.jsonl,"[{""term"": ""à la mesure de"", ""result_status"": ""hit"", ""resolved_ir_ids"": [""ba5714fa586bd031""], ""note"": ""Closest reviewed canonical phrase.""}]","[""ba5714fa586bd031""]",phase7j_gap_0008,deferred,,,medium,phase7j_gap_review_v1,source_to_target,bundle_full_20260609_phase7f_alias_candidate,norm-v3-featured-enriched-source-aliases-2-source-index-supplements-2,"[{""kind"": ""phrase_review"", ""ir_id"": ""phase7h_phrase_0006"", ""field_path"": ""shared/phrase_review/phrase_miss_review_v1.jsonl"", ""excerpt"": ""Phase 7H/7I evidence row; implementation blocked.""}]","[""phase7h_phrase_0006""]"
hit (1),"[""plain_kun_policy_memo"", ""search_index_replay"", ""phase7f_regression""]",Policy decision whether accentless Kun should also surface accented Kùn postings,target_side_issue,Do not route into source-side artifacts.,"[""high_user_confusion:+15"", ""target_side_out_of_scope""]",40,Kun,Changing accentless target recall requires an explicit search-policy decision; it must not be implemented as a source alias or supplement.,policy_memo,"[{""term"": ""Kùn"", ""result_status"": ""hit"", ""resolved_ir_ids"": [""753fa18e0a6df4ab"", ""e28e149f57ab616b""], ""note"": ""Accented form resolves to distinct posting set.""}]","[""b07ae7bd61ff3c85""]",phase7j_gap_0009,deferred,,,medium,phase7j_gap_review_v1,target_to_source,bundle_full_20260609_phase7f_alias_candidate,norm-v3-featured-enriched-source-aliases-2-source-index-supplements-2,"[{""kind"": ""policy_memo"", ""ir_id"": """", ""field_path"": ""docs/PLAIN_KUN_POLICY_DECISION_MEMO.md"", ""excerpt"": ""Plain Kun is a target-side search-policy topic, not a source-index gap.""}, {""kind"": ""search_index"", ""ir_id"": ""b07ae7bd61ff3c85"", ""field_path"": ""search_index.jsonl"", ""excerpt"": ""tgt_casefold kun returns unaccented posting only (first-hit ladder).""}]",[]
partial related terms only,"[""phrase_miss_review_v1"", ""phase7i_review_packet"", ""search_index_replay""]",Remain no-hit unless future reviewed dictionary or phrase evidence changes classification,true_dictionary_entry_gap,Explicit non-action carry-forward from Phase 7H/7I.,"[""phase7h_classification"", ""no_auto_phrase_routing""]",25,ferme la bouche,Routing to bouche would be unsafe phrase-to-single-word collapse without phrase-level evidence.,,[],[],phase7j_gap_0010,rejected,,,high,phase7j_gap_review_v1,source_to_target,bundle_full_20260609_phase7f_alias_candidate,norm-v3-featured-enriched-source-aliases-2-source-index-supplements-2,"[{""kind"": ""phrase_review"", ""ir_id"": ""phase7h_phrase_0001"", ""field_path"": ""shared/phrase_review/phrase_miss_review_v1.jsonl"", ""excerpt"": ""Phase 7H category true_dictionary_entry_missing; recommendation reject_keep_no_hit.""}]","[""phase7h_phrase_0001""]"
partial related terms only,"[""phrase_miss_review_v1"", ""phase7i_review_packet"", ""search_index_replay""]",Remain no-hit unless future reviewed dictionary or phrase evidence changes classification,should_remain_no_hit,Explicit non-action carry-forward from Phase 7H/7I.,"[""phase7h_classification"", ""no_auto_phrase_routing""]",10,Grand chose,Compositional/idiomatic phrase must not be decomposed into grand + chose automatically.,,[],[],phase7j_gap_0011,deferred,,,high,phase7j_gap_review_v1,source_to_target,bundle_full_20260609_phase7f_alias_candidate,norm-v3-featured-enriched-source-aliases-2-source-index-supplements-2,"[{""kind"": ""phrase_review"", ""ir_id"": ""phase7h_phrase_0002"", ""field_path"": ""shared/phrase_review/phrase_miss_review_v1.jsonl"", ""excerpt"": ""Phase 7H category compositional_phrase_should_decompose; recommendation evidence_only.""}]","[""phase7h_phrase_0002""]"
partial related terms only,"[""phrase_miss_review_v1"", ""phase7i_review_packet"", ""search_index_replay""]",Remain no-hit unless future reviewed dictionary or phrase evidence changes classification,true_dictionary_entry_gap,Explicit non-action carry-forward from Phase 7H/7I.,"[""phase7h_classification"", ""no_auto_phrase_routing""]",20,grande bouche,Whole phrase missing; related single terms insufficient for safe routing.,,[],[],phase7j_gap_0012,candidate,,,medium,phase7j_gap_review_v1,source_to_target,bundle_full_20260609_phase7f_alias_candidate,norm-v3-featured-enriched-source-aliases-2-source-index-supplements-2,"[{""kind"": ""phrase_review"", ""ir_id"": ""phase7h_phrase_0003"", ""field_path"": ""shared/phrase_review/phrase_miss_review_v1.jsonl"", ""excerpt"": ""Phase 7H category true_phrase_entry_missing; recommendation defer_for_human_review.""}]","[""phase7h_phrase_0003""]"
partial related terms only,"[""phrase_miss_review_v1"", ""phase7i_review_packet"", ""search_index_replay""]",Remain no-hit unless future reviewed dictionary or phrase evidence changes classification,should_remain_no_hit,Explicit non-action carry-forward from Phase 7H/7I.,"[""phase7h_classification"", ""no_auto_phrase_routing""]",15,à parts,Not equivalent to reviewed phrase or single-word part mapping.,,[],[],phase7j_gap_0013,rejected,,,medium,phase7j_gap_review_v1,source_to_target,bundle_full_20260609_phase7f_alias_candidate,norm-v3-featured-enriched-source-aliases-2-source-index-supplements-2,"[{""kind"": ""phrase_review"", ""ir_id"": ""phase7h_phrase_0008"", ""field_path"": ""shared/phrase_review/phrase_miss_review_v1.jsonl"", ""excerpt"": ""Phase 7H category should_remain_no_hit; recommendation reject_keep_no_hit.""}]","[""phase7h_phrase_0008""]"
partial related terms only,"[""phrase_miss_review_v1"", ""phase7i_review_packet"", ""search_index_replay""]",Remain no-hit unless future reviewed dictionary or phrase evidence changes classification,typo_noise,Explicit non-action carry-forward from Phase 7H/7I.,"[""phase7h_classification"", ""no_auto_phrase_routing""]",5,à part ças,Malformed typo of à part ça; approving would imply fuzzy correction.,,[],[],phase7j_gap_0014,rejected,,,low,phase7j_gap_review_v1,source_to_target,bundle_full_20260609_phase7f_alias_candidate,norm-v3-featured-enriched-source-aliases-2-source-index-supplements-2,"[{""kind"": ""phrase_review"", ""ir_id"": ""phase7h_phrase_0009"", ""field_path"": ""shared/phrase_review/phrase_miss_review_v1.jsonl"", ""excerpt"": ""Phase 7H category bad_query_typo_unsupported_phrase; recommendation reject_keep_no_hit.""}]","[""phase7h_phrase_0009""]"
miss,"[""gap_miner"", ""search_index_replay""]",Route plural 'fruits' to same postings as canonical singular 'fruit',reviewed_source_alias_candidate,Phase 7F precedent applies; singular=fruit.,"[""basic_vocabulary:+20"", ""canonical_entry_exists:+20"", ""low_ambiguity:+15"", ""low_implementation_risk:+10""]",65,fruits,Round 2 plural alias requires human review per source_alias_table_v1; must copy canonical singular posting set exactly without broadening targets.,shared/aliases/source_aliases_v1.jsonl,"[{""term"": ""fruit"", ""result_status"": ""hit"", ""resolved_ir_ids"": [""7cdb6070ce427a6d""], ""note"": ""Canonical singular source term.""}]","[""7cdb6070ce427a6d""]",phase7j_gap_0015,candidate,,,low,phase7j_gap_review_v1,source_to_target,bundle_full_20260609_phase7f_alias_candidate,norm-v3-featured-enriched-source-aliases-2-source-index-supplements-2,"[{""kind"": ""gap_miner"", ""ir_id"": """", ""field_path"": ""phase7j_miner_snapshot.jsonl"", ""excerpt"": ""miner candidate_type=plural_form_gap score=103 tier=tier_2_interesting_candidate""}, {""kind"": ""gloss"", ""ir_id"": ""0c28cb0938053091"", ""field_path"": ""senses[0].examples[0].trans_fr"", ""excerpt"": ""Sékou a courbé une branche (pour cueillir les fruits)""}, {""kind"": ""gloss"", ""ir_id"": ""e40694f99463f353"", ""field_path"": ""senses[1].examples[0].trans_fr"", ""excerpt"": ""les fruits verts de liane-caoutchouc deviennent jaunes en mûrissant""}]",[]
miss,"[""gap_miner"", ""search_index_replay""]",Route plural 'grains' to same postings as canonical singular 'grain',reviewed_source_alias_candidate,Phase 7F precedent applies; singular=grain.,"[""basic_vocabulary:+20"", ""canonical_entry_exists:+20"", ""low_ambiguity:+15"", ""low_implementation_risk:+10""]",65,grains,Round 2 plural alias requires human review per source_alias_table_v1; must copy canonical singular posting set exactly without broadening targets.,shared/aliases/source_aliases_v1.jsonl,"[{""term"": ""grain"", ""result_status"": ""hit"", ""resolved_ir_ids"": [""3971b2e32e2dfc1c""], ""note"": ""Canonical singular source term.""}]","[""3971b2e32e2dfc1c""]",phase7j_gap_0016,candidate,,,low,phase7j_gap_review_v1,source_to_target,bundle_full_20260609_phase7f_alias_candidate,norm-v3-featured-enriched-source-aliases-2-source-index-supplements-2,"[{""kind"": ""gap_miner"", ""ir_id"": """", ""field_path"": ""phase7j_miner_snapshot.jsonl"", ""excerpt"": ""miner candidate_type=plural_form_gap score=103 tier=tier_2_interesting_candidate""}, {""kind"": ""gloss"", ""ir_id"": ""37ce587b269c896e"", ""field_path"": ""senses[0].sub_entries[0].gloss_fr"", ""excerpt"": ""le poulet a picoré des grains (à l'intérieur d'un récipient)""}, {""kind"": ""gloss"", ""ir_id"": ""0b0a9c89228665be"", ""field_path"": ""senses[0].examples[0].trans_fr"", ""excerpt"": ""le poulet picore des grains""}]",[]
miss,"[""gap_miner"", ""search_index_replay""]",Route plural 'griots' to same postings as canonical singular 'griot',reviewed_source_alias_candidate,Phase 7F precedent applies; singular=griot.,"[""basic_vocabulary:+20"", ""canonical_entry_exists:+20"", ""low_ambiguity:+15"", ""low_implementation_risk:+10""]",65,griots,Round 2 plural alias requires human review per source_alias_table_v1; must copy canonical singular posting set exactly without broadening targets.,shared/aliases/source_aliases_v1.jsonl,"[{""term"": ""griot"", ""result_status"": ""hit"", ""resolved_ir_ids"": [""025ed3968e2bc6e3""], ""note"": ""Canonical singular source term.""}]","[""025ed3968e2bc6e3""]",phase7j_gap_0017,candidate,,,low,phase7j_gap_review_v1,source_to_target,bundle_full_20260609_phase7f_alias_candidate,norm-v3-featured-enriched-source-aliases-2-source-index-supplements-2,"[{""kind"": ""gap_miner"", ""ir_id"": """", ""field_path"": ""phase7j_miner_snapshot.jsonl"", ""excerpt"": ""miner candidate_type=plural_form_gap score=103 tier=tier_2_interesting_candidate""}, {""kind"": ""gloss"", ""ir_id"": ""515e87581567609f"", ""field_path"": ""senses[0].gloss_fr"", ""excerpt"": ""canne de chef de griots""}, {""kind"": ""gloss"", ""ir_id"": ""461d6c772676152d"", ""field_path"": ""senses[0].gloss_fr"", ""excerpt"": ""statut de doyen des griots""}]",[]
miss,"[""gap_miner"", ""search_index_replay""]",Route plural 'jambes' to same postings as canonical singular 'jambe',reviewed_source_alias_candidate,Phase 7F precedent applies; singular=jambe.,"[""basic_vocabulary:+20"", ""canonical_entry_exists:+20"", ""low_ambiguity:+15"", ""low_implementation_risk:+10""]",65,jambes,Round 2 plural alias requires human review per source_alias_table_v1; must copy canonical singular posting set exactly without broadening targets.,shared/aliases/source_aliases_v1.jsonl,"[{""term"": ""jambe"", ""result_status"": ""hit"", ""resolved_ir_ids"": [""251b2a72627a7ef9""], ""note"": ""Canonical singular source term.""}]","[""251b2a72627a7ef9""]",phase7j_gap_0018,candidate,,,low,phase7j_gap_review_v1,source_to_target,bundle_full_20260609_phase7f_alias_candidate,norm-v3-featured-enriched-source-aliases-2-source-index-supplements-2,"[{""kind"": ""gap_miner"", ""ir_id"": """", ""field_path"": ""phase7j_miner_snapshot.jsonl"", ""excerpt"": ""miner candidate_type=plural_form_gap score=103 tier=tier_2_interesting_candidate""}, {""kind"": ""gloss"", ""ir_id"": ""04a49d9a92d94f3b"", ""field_path"": ""senses[1].sub_entries[1].gloss_fr"", ""excerpt"": ""agiter ses jambes (en restant debout ou assis)""}, {""kind"": ""gloss"", ""ir_id"": ""c7fa185cf0707c8b"", ""field_path"": ""senses[0].gloss_fr"", ""excerpt"": ""paralysé des jambes, cul-de-jatte""}]",[]
miss,"[""gap_miner"", ""search_index_replay""]",Route plural 'mots' to same postings as canonical singular 'mot',reviewed_source_alias_candidate,Phase 7F precedent applies; singular=mot.,"[""basic_vocabulary:+20"", ""canonical_entry_exists:+20"", ""low_ambiguity:+15"", ""low_implementation_risk:+10""]",65,mots,Round 2 plural alias requires human review per source_alias_table_v1; must copy canonical singular posting set exactly without broadening targets.,shared/aliases/source_aliases_v1.jsonl,"[{""term"": ""mot"", ""result_status"": ""hit"", ""resolved_ir_ids"": [""1f9cbaa868644b73""], ""note"": ""Canonical singular source term.""}]","[""1f9cbaa868644b73""]",phase7j_gap_0019,candidate,,,low,phase7j_gap_review_v1,source_to_target,bundle_full_20260609_phase7f_alias_candidate,norm-v3-featured-enriched-source-aliases-2-source-index-supplements-2,"[{""kind"": ""gap_miner"", ""ir_id"": """", ""field_path"": ""phase7j_miner_snapshot.jsonl"", ""excerpt"": ""miner candidate_type=plural_form_gap score=103 tier=tier_2_interesting_candidate""}, {""kind"": ""gloss"", ""ir_id"": ""ad32c6920a2c23e1"", ""field_path"": ""senses[0].examples[0].trans_fr"", ""excerpt"": ""jurer, dire des gros mots""}, {""kind"": ""gloss"", ""ir_id"": ""873d149417c29350"", ""field_path"": ""senses[0].sub_entries[0].gloss_fr"", ""excerpt"": ""dire quelques mots au sujet de qqch""}]",[]
miss,"[""gap_miner"", ""search_index_replay""]",Route plural 'nuages' to same postings as canonical singular 'nuage',reviewed_source_alias_candidate,Phase 7F precedent applies; singular=nuage.,"[""basic_vocabulary:+20"", ""canonical_entry_exists:+20"", ""low_ambiguity:+15"", ""low_implementation_risk:+10""]",65,nuages,Round 2 plural alias requires human review per source_alias_table_v1; must copy canonical singular posting set exactly without broadening targets.,shared/aliases/source_aliases_v1.jsonl,"[{""term"": ""nuage"", ""result_status"": ""hit"", ""resolved_ir_ids"": [""9ca98df7409dde23""], ""note"": ""Canonical singular source term.""}]","[""9ca98df7409dde23""]",phase7j_gap_0020,candidate,,,low,phase7j_gap_review_v1,source_to_target,bundle_full_20260609_phase7f_alias_candidate,norm-v3-featured-enriched-source-aliases-2-source-index-supplements-2,"[{""kind"": ""gap_miner"", ""ir_id"": """", ""field_path"": ""phase7j_miner_snapshot.jsonl"", ""excerpt"": ""miner candidate_type=plural_form_gap score=103 tier=tier_2_interesting_candidate""}, {""kind"": ""gloss"", ""ir_id"": ""3cea333607bff656"", ""field_path"": ""senses[0].sub_entries[0].gloss_fr"", ""excerpt"": ""le ciel est couvert de nuages de plomb""}, {""kind"": ""gloss"", ""ir_id"": ""bba05cad60e4d095"", ""field_path"": ""senses[0].sub_entries[0].gloss_fr"", ""excerpt"": ""le ciel est couvert de nuages de plomb""}]",[]
miss,"[""gap_miner"", ""search_index_replay""]",Route plural 'parents' to same postings as canonical singular 'parent',reviewed_source_alias_candidate,Phase 7F precedent applies; singular=parent.,"[""basic_vocabulary:+20"", ""canonical_entry_exists:+20"", ""low_ambiguity:+15"", ""low_implementation_risk:+10""]",65,parents,Round 2 plural alias requires human review per source_alias_table_v1; must copy canonical singular posting set exactly without broadening targets.,shared/aliases/source_aliases_v1.jsonl,"[{""term"": ""parent"", ""result_status"": ""hit"", ""resolved_ir_ids"": [""5437cc8267a78303""], ""note"": ""Canonical singular source term.""}]","[""5437cc8267a78303""]",phase7j_gap_0021,candidate,,,low,phase7j_gap_review_v1,source_to_target,bundle_full_20260609_phase7f_alias_candidate,norm-v3-featured-enriched-source-aliases-2-source-index-supplements-2,"[{""kind"": ""gap_miner"", ""ir_id"": """", ""field_path"": ""phase7j_miner_snapshot.jsonl"", ""excerpt"": ""miner candidate_type=plural_form_gap score=93 tier=tier_2_interesting_candidate""}, {""kind"": ""gloss"", ""ir_id"": ""b1d5cf615b0a3a3f"", ""field_path"": ""senses[0].sub_entries[0].gloss_fr"", ""excerpt"": ""insulte des parents de l'époux ou de l'épouse""}, {""kind"": ""gloss"", ""ir_id"": ""34c73f2f3b560e78"", ""field_path"": ""senses[9].examples[0].trans_fr"", ""excerpt"": ""si quelqu'un a atteint l'âge de vingt ans et n'a pas appris à écrire, le tort est à ses parents""}]",[]
miss,"[""gap_miner"", ""search_index_replay""]",Route plural 'paroles' to same postings as canonical singular 'parole',reviewed_source_alias_candidate,Phase 7F precedent applies; singular=parole.,"[""basic_vocabulary:+20"", ""canonical_entry_exists:+20"", ""low_ambiguity:+15"", ""low_implementation_risk:+10""]",65,paroles,Round 2 plural alias requires human review per source_alias_table_v1; must copy canonical singular posting set exactly without broadening targets.,shared/aliases/source_aliases_v1.jsonl,"[{""term"": ""parole"", ""result_status"": ""hit"", ""resolved_ir_ids"": [""cf9e314229c86efc""], ""note"": ""Canonical singular source term.""}]","[""cf9e314229c86efc""]",phase7j_gap_0022,candidate,,,low,phase7j_gap_review_v1,source_to_target,bundle_full_20260609_phase7f_alias_candidate,norm-v3-featured-enriched-source-aliases-2-source-index-supplements-2,"[{""kind"": ""gap_miner"", ""ir_id"": """", ""field_path"": ""phase7j_miner_snapshot.jsonl"", ""excerpt"": ""miner candidate_type=plural_form_gap score=93 tier=tier_2_interesting_candidate""}, {""kind"": ""gloss"", ""ir_id"": ""d426e49d1e2ab3d9"", ""field_path"": ""senses[1].sub_entries[10].gloss_fr"", ""excerpt"": ""il contrôle bien ses paroles""}, {""kind"": ""gloss"", ""ir_id"": ""f0ca231a6fa2d876"", ""field_path"": ""senses[4].gloss_fr"", ""excerpt"": ""paroles vides, futiles discours""}]",[]
miss,"[""gap_miner"", ""search_index_replay""]",Route plural 'enfants' to same postings as canonical singular 'enfant',reviewed_source_alias_candidate,Phase 7F precedent applies; singular=enfant.,"[""basic_vocabulary:+20"", ""canonical_entry_exists:+20"", ""low_ambiguity:+15"", ""low_implementation_risk:+10""]",65,enfants,Round 2 plural alias requires human review per source_alias_table_v1; must copy canonical singular posting set exactly without broadening targets.,shared/aliases/source_aliases_v1.jsonl,"[{""term"": ""enfant"", ""result_status"": ""hit"", ""resolved_ir_ids"": [""99e6cda40390d1fb""], ""note"": ""Canonical singular source term.""}]","[""99e6cda40390d1fb""]",phase7j_gap_0023,candidate,,,low,phase7j_gap_review_v1,source_to_target,bundle_full_20260609_phase7f_alias_candidate,norm-v3-featured-enriched-source-aliases-2-source-index-supplements-2,"[{""kind"": ""gap_miner"", ""ir_id"": """", ""field_path"": ""phase7j_miner_snapshot.jsonl"", ""excerpt"": ""miner candidate_type=plural_form_gap score=91 tier=tier_2_interesting_candidate""}, {""kind"": ""gloss"", ""ir_id"": ""27405a4b09d4d4dc"", ""field_path"": ""senses[13].examples[0].trans_fr"", ""excerpt"": ""elle les aidait à élever leurs enfants""}, {""kind"": ""gloss"", ""ir_id"": ""84f600fb39b3e346"", ""field_path"": ""senses[2].sub_entries[0].gloss_fr"", ""excerpt"": ""les enfants ayant grandi suffisamment étaient initiés""}]",[]
miss,"[""gap_miner"", ""search_index_replay""]",Route plural 'feuilles' to same postings as canonical singular 'feuille',reviewed_source_alias_candidate,Phase 7F precedent applies; singular=feuille.,"[""basic_vocabulary:+20"", ""canonical_entry_exists:+20"", ""low_ambiguity:+15"", ""low_implementation_risk:+10""]",65,feuilles,Round 2 plural alias requires human review per source_alias_table_v1; must copy canonical singular posting set exactly without broadening targets.,shared/aliases/source_aliases_v1.jsonl,"[{""term"": ""feuille"", ""result_status"": ""hit"", ""resolved_ir_ids"": [""f67a64559d2f6c63""], ""note"": ""Canonical singular source term.""}]","[""f67a64559d2f6c63""]",phase7j_gap_0024,candidate,,,low,phase7j_gap_review_v1,source_to_target,bundle_full_20260609_phase7f_alias_candidate,norm-v3-featured-enriched-source-aliases-2-source-index-supplements-2,"[{""kind"": ""gap_miner"", ""ir_id"": """", ""field_path"": ""phase7j_miner_snapshot.jsonl"", ""excerpt"": ""miner candidate_type=plural_form_gap score=90 tier=tier_2_interesting_candidate""}, {""kind"": ""gloss"", ""ir_id"": ""f00bd63e5e9bb921"", ""field_path"": ""senses[0].sub_entries[0].gloss_fr"", ""excerpt"": ""feuilles.tombées.sèches, feuilles tombées sèches""}, {""kind"": ""gloss"", ""ir_id"": ""f00bd63e5e9bb921"", ""field_path"": ""senses[0].sub_entries[0].gloss_fr"", ""excerpt"": ""feuilles.tombées.sèches, feuilles tombées sèches""}]",[]
hit (1),"[""gap_miner"", ""search_index_replay""]",Evaluate whether additive supplement should expose additional attested kinship targets,reviewed_source_index_supplement_candidate,Incomplete mapping evidence only; not a standalone miss.,"[""kinship_body_common:+15"", ""broad_umbrella_penalty:-15"", ""existing_hit:not_missing_entry""]",42,frère,Term already resolves; additive supplement must be reviewed to avoid broad-mapping leakage and must follow Phase 7D broad-umbrella precedent if scope expands.,shared/source_index_supplements/source_index_supplements_v1.jsonl,"[{""ir_id"": ""d473eefb824a33d6"", ""source_term"": ""beau-frère"", ""target_forms"": [""bídankɛ"", ""bírankɛ""]}, {""ir_id"": ""24c97692d0291d33"", ""source_term"": ""frère aîné"", ""target_forms"": [""kɔ̀dɔ"", ""kɔ̀rɔ""]}, {""ir_id"": ""2b9940d8c584b350"", ""source_term"": ""frère consanguin"", ""target_forms"": [""fàden""]}, {""ir_id"": ""ca6a9c87667ef7cc"", ""source_term"": ""frère soeur utérin"", ""target_forms"": [""nákelenma""]}]","[""591255239aba1624""]",phase7j_gap_0025,candidate,,,medium,phase7j_gap_review_v1,source_to_target,bundle_full_20260609_phase7f_alias_candidate,norm-v3-featured-enriched-source-aliases-2-source-index-supplements-2,"[{""kind"": ""gap_miner"", ""ir_id"": """", ""field_path"": ""phase7j_miner_snapshot.jsonl"", ""excerpt"": ""miner candidate_type=suspected_incomplete_existing_source_mapping score=102""}, {""kind"": ""gloss"", ""ir_id"": ""b53181aadd0e7560"", ""field_path"": ""senses[0].gloss_fr"", ""excerpt"": ""jeune frère""}, {""kind"": ""gloss"", ""ir_id"": ""45b3559e5a4dc10f"", ""field_path"": ""senses[0].gloss_fr"", ""excerpt"": ""frère soeur utérin""}, {""kind"": ""gloss"", ""ir_id"": ""e5e85c7016066dd5"", ""field_path"": ""senses[0].gloss_fr"", ""excerpt"": ""jeune frère, jeune soeur""}]",[]
hit (1),"[""gap_miner"", ""search_index_replay""]",Evaluate whether additive supplement should expose additional attested kinship targets,reviewed_source_index_supplement_candidate,Incomplete mapping evidence only; not a standalone miss.,"[""kinship_body_common:+15"", ""broad_umbrella_penalty:-15"", ""existing_hit:not_missing_entry""]",42,soeur,Term already resolves; additive supplement must be reviewed to avoid broad-mapping leakage and must follow Phase 7D broad-umbrella precedent if scope expands.,shared/source_index_supplements/source_index_supplements_v1.jsonl,"[{""ir_id"": ""4cdcbd52071eb38e"", ""source_term"": ""belle-soeur"", ""target_forms"": [""bídanmoso"", ""bídanmuso"", ""bíranmuso""]}, {""ir_id"": ""ca6a9c87667ef7cc"", ""source_term"": ""frère soeur utérin"", ""target_forms"": [""nákelenma""]}, {""ir_id"": ""02c4b208684019f9"", ""source_term"": ""frère.soeur.utérin"", ""target_forms"": [""báden"", ""bádenma"", ""bákelen"", ""bákelenma"", ""báren"", ""nákelenma""]}, {""ir_id"": ""f3f6567fd60bb70e"", ""source_term"": ""jeune soeur"", ""target_forms"": [""nɔ̀dɔla"", ""nɔ̀rɔla""]}]","[""bff955e66d0cabcd""]",phase7j_gap_0026,candidate,,,medium,phase7j_gap_review_v1,source_to_target,bundle_full_20260609_phase7f_alias_candidate,norm-v3-featured-enriched-source-aliases-2-source-index-supplements-2,"[{""kind"": ""gap_miner"", ""ir_id"": """", ""field_path"": ""phase7j_miner_snapshot.jsonl"", ""excerpt"": ""miner candidate_type=suspected_incomplete_existing_source_mapping score=102""}, {""kind"": ""gloss"", ""ir_id"": ""45b3559e5a4dc10f"", ""field_path"": ""senses[0].gloss_fr"", ""excerpt"": ""frère soeur utérin""}, {""kind"": ""gloss"", ""ir_id"": ""e5e85c7016066dd5"", ""field_path"": ""senses[0].gloss_fr"", ""excerpt"": ""jeune frère, jeune soeur""}, {""kind"": ""gloss"", ""ir_id"": ""e5e85c7016066dd5"", ""field_path"": ""senses[0].examples[0].trans_fr"", ""excerpt"": ""je suis sa soeur cadette (je le suis dans la séquence)""}]",[]
